title,body,labels,assignee
Demo title-1,Discription-1,"""Backlog"", ""Setup"", ""Project Structure""",USER-1
Demo title-2,Discription-2,label-2,USER-2
Demo title-3,Discription-3,label-3,USER-3
Demo title-4,Discription-4,label-4,USER-4
Demo title-5,Discription-5,label-5,USER-5
Demo title-6,Discription-6,label-6,USER-6
Demo title-7,Discription-7,label-7,USER-7
Demo title-8,Discription-8,label-8,USER-8
Demo title-9,Discription-9,label-9,USER-9
Demo title-10,Discription-10,label-10,USER-10
Demo title-11,Discription-11,label-11,USER-11
Demo title-12,Discription-12,label-12,USER-12
Demo title-13,Discription-13,label-13,USER-13
Demo title-14,Discription-14,label-14,USER-14
Demo title-15,Discription-15,label-15,USER-15
Demo title-16,Discription-16,label-16,USER-16
Demo title-17,Discription-17,label-17,USER-17
Demo title-18,Discription-18,label-18,USER-18
Demo title-19,Discription-19,label-19,USER-19
Demo title-20,Discription-20,label-20,USER-20
